<?xml version="1.0" ?>
<LOG_ROOT>
	<PROJECT NAME="Projekt">
		<CBX_INST_ENTRY INSTANCE_NAME="|Projekt_WS2020_2021|VGA:Display|VGA_Darstellung:Darstellung|graph:Diagramm|scaling:x_scaling|lpm_mult:Mult0|multcore:mult_core|mpar_add:padder|lpm_add_sub:adder[1]" CBX_FILE_NAME="add_sub_5jh.tdf"/>
		<CBX_INST_ENTRY INSTANCE_NAME="|Projekt_WS2020_2021|VGA:Display|VGA_Darstellung:Darstellung|graph:Diagramm|scaling:y_scaling|lpm_mult:Mult0|multcore:mult_core|mpar_add:padder|lpm_add_sub:adder[0]" CBX_FILE_NAME="add_sub_b8h.tdf"/>
		<CBX_INST_ENTRY INSTANCE_NAME="|Projekt_WS2020_2021|icm_20948:Sensor|lpm_mult:Mult0|multcore:mult_core|mpar_add:padder|mpar_add:sub_par_add|lpm_add_sub:adder[0]" CBX_FILE_NAME="add_sub_8jh.tdf"/>
		<CBX_INST_ENTRY INSTANCE_NAME="|Projekt_WS2020_2021|icm_20948:Sensor|lpm_mult:Mult1|multcore:mult_core|mpar_add:padder|lpm_add_sub:adder[1]" CBX_FILE_NAME="add_sub_4jh.tdf"/>
		<CBX_INST_ENTRY INSTANCE_NAME="|Projekt_WS2020_2021|icm_20948:Sensor|lpm_mult:Mult2|multcore:mult_core|mpar_add:padder|lpm_add_sub:adder[0]" CBX_FILE_NAME="add_sub_a8h.tdf"/>
		<CBX_INST_ENTRY INSTANCE_NAME="|Projekt_WS2020_2021|signal_processing:Signal_processing|AsciiPrinter:UARTHandling|FiFo48:FiFo|scfifo:scfifo_component" CBX_FILE_NAME="scfifo_pu31.tdf"/>
		<CBX_INST_ENTRY INSTANCE_NAME="|Projekt_WS2020_2021|VGA:Display|VGA_Darstellung:Darstellung|graph:Diagramm|scaling:x_scaling|lpm_mult:Mult0|multcore:mult_core|mpar_add:padder|mpar_add:sub_par_add|lpm_add_sub:adder[0]" CBX_FILE_NAME="add_sub_9jh.tdf"/>
		<CBX_INST_ENTRY INSTANCE_NAME="|Projekt_WS2020_2021|VGA:Display|VGA_Darstellung:Darstellung|graph:Diagramm|scaling:y_scaling|lpm_mult:Mult0|multcore:mult_core|mpar_add:padder|lpm_add_sub:adder[1]" CBX_FILE_NAME="add_sub_5jh.tdf"/>
		<CBX_INST_ENTRY INSTANCE_NAME="|Projekt_WS2020_2021|VGA:Display|VGA_Darstellung:Darstellung|graph:Diagramm|scaling:z_scaling|lpm_mult:Mult0|multcore:mult_core|mpar_add:padder|lpm_add_sub:adder[0]" CBX_FILE_NAME="add_sub_b8h.tdf"/>
		<CBX_INST_ENTRY INSTANCE_NAME="|Projekt_WS2020_2021|icm_20948:Sensor|lpm_divide:Div0" CBX_FILE_NAME="lpm_divide_t0p.tdf"/>
		<CBX_INST_ENTRY INSTANCE_NAME="|Projekt_WS2020_2021|icm_20948:Sensor|lpm_mult:Mult1|multcore:mult_core|mpar_add:padder|mpar_add:sub_par_add|lpm_add_sub:adder[0]" CBX_FILE_NAME="add_sub_8jh.tdf"/>
		<CBX_INST_ENTRY INSTANCE_NAME="|Projekt_WS2020_2021|icm_20948:Sensor|lpm_mult:Mult2|multcore:mult_core|mpar_add:padder|lpm_add_sub:adder[1]" CBX_FILE_NAME="add_sub_4jh.tdf"/>
		<CBX_INST_ENTRY INSTANCE_NAME="|Projekt_WS2020_2021|VGA:Display|VGA_Darstellung:Darstellung|graph:Diagramm|graph_RAM:ram_x_graph|altsyncram:ram_block_rtl_0" CBX_FILE_NAME="altsyncram_0sl1.tdf"/>
		<CBX_INST_ENTRY INSTANCE_NAME="|Projekt_WS2020_2021|VGA:Display|VGA_Darstellung:Darstellung|graph:Diagramm|scaling:x_scaling|lpm_divide:Div0" CBX_FILE_NAME="lpm_divide_31p.tdf"/>
		<CBX_INST_ENTRY INSTANCE_NAME="|Projekt_WS2020_2021|VGA:Display|VGA_Darstellung:Darstellung|graph:Diagramm|scaling:y_scaling|lpm_mult:Mult0|multcore:mult_core|mpar_add:padder|mpar_add:sub_par_add|lpm_add_sub:adder[0]" CBX_FILE_NAME="add_sub_9jh.tdf"/>
		<CBX_INST_ENTRY INSTANCE_NAME="|Projekt_WS2020_2021|VGA:Display|VGA_Darstellung:Darstellung|graph:Diagramm|scaling:z_scaling|lpm_mult:Mult0|multcore:mult_core|mpar_add:padder|lpm_add_sub:adder[1]" CBX_FILE_NAME="add_sub_5jh.tdf"/>
		<CBX_INST_ENTRY INSTANCE_NAME="|Projekt_WS2020_2021|icm_20948:Sensor|lpm_divide:Div1" CBX_FILE_NAME="lpm_divide_t0p.tdf"/>
		<CBX_INST_ENTRY INSTANCE_NAME="|Projekt_WS2020_2021|icm_20948:Sensor|lpm_mult:Mult2|multcore:mult_core|mpar_add:padder|mpar_add:sub_par_add|lpm_add_sub:adder[0]" CBX_FILE_NAME="add_sub_8jh.tdf"/>
		<CBX_INST_ENTRY INSTANCE_NAME="|Projekt_WS2020_2021|signal_processing:Signal_processing|AsciiPrinter:UARTHandling|TextGenerator:AsciiGenerator|lpm_divide:Div0" CBX_FILE_NAME="lpm_divide_qhm.tdf"/>
		<CBX_INST_ENTRY INSTANCE_NAME="|Projekt_WS2020_2021|VGA:Display|VGA_Darstellung:Darstellung|graph:Diagramm|graph_RAM:ram_y_graph|altsyncram:ram_block_rtl_0" CBX_FILE_NAME="altsyncram_0sl1.tdf"/>
		<CBX_INST_ENTRY INSTANCE_NAME="|Projekt_WS2020_2021|VGA:Display|VGA_Darstellung:Darstellung|graph:Diagramm|scaling:y_scaling|lpm_divide:Div0" CBX_FILE_NAME="lpm_divide_31p.tdf"/>
		<CBX_INST_ENTRY INSTANCE_NAME="|Projekt_WS2020_2021|VGA:Display|VGA_Darstellung:Darstellung|graph:Diagramm|scaling:z_scaling|lpm_mult:Mult0|multcore:mult_core|mpar_add:padder|mpar_add:sub_par_add|lpm_add_sub:adder[0]" CBX_FILE_NAME="add_sub_9jh.tdf"/>
		<CBX_INST_ENTRY INSTANCE_NAME="|Projekt_WS2020_2021|icm_20948:Sensor|lpm_divide:Div2" CBX_FILE_NAME="lpm_divide_t0p.tdf"/>
		<CBX_INST_ENTRY INSTANCE_NAME="|Projekt_WS2020_2021|VGA:Display|VGA_Darstellung:Darstellung|graph:Diagramm|graph_RAM:ram_z_graph|altsyncram:ram_block_rtl_0" CBX_FILE_NAME="altsyncram_0sl1.tdf"/>
		<CBX_INST_ENTRY INSTANCE_NAME="|Projekt_WS2020_2021|VGA:Display|VGA_Darstellung:Darstellung|graph:Diagramm|scaling:z_scaling|lpm_divide:Div0" CBX_FILE_NAME="lpm_divide_31p.tdf"/>
		<CBX_INST_ENTRY INSTANCE_NAME="|Projekt_WS2020_2021|icm_20948:Sensor|lpm_mult:Mult0|multcore:mult_core|mpar_add:padder|lpm_add_sub:adder[0]" CBX_FILE_NAME="add_sub_a8h.tdf"/>
		<CBX_INST_ENTRY INSTANCE_NAME="|Projekt_WS2020_2021|UART:UART|FIFO:FIFO_TX|altsyncram:ram_rtl_0" CBX_FILE_NAME="altsyncram_9og1.tdf"/>
		<CBX_INST_ENTRY INSTANCE_NAME="|Projekt_WS2020_2021|VGA:Display|VGA_Darstellung:Darstellung|graph:Diagramm|scaling:x_scaling|lpm_mult:Mult0|multcore:mult_core|mpar_add:padder|lpm_add_sub:adder[0]" CBX_FILE_NAME="add_sub_b8h.tdf"/>
		<CBX_INST_ENTRY INSTANCE_NAME="|Projekt_WS2020_2021|icm_20948:Sensor|lpm_mult:Mult0|multcore:mult_core|mpar_add:padder|lpm_add_sub:adder[1]" CBX_FILE_NAME="add_sub_4jh.tdf"/>
		<CBX_INST_ENTRY INSTANCE_NAME="|Projekt_WS2020_2021|icm_20948:Sensor|lpm_mult:Mult1|multcore:mult_core|mpar_add:padder|lpm_add_sub:adder[0]" CBX_FILE_NAME="add_sub_a8h.tdf"/>
		<CBX_INST_ENTRY INSTANCE_NAME="|Projekt_WS2020_2021|signal_processing:Signal_processing|AsciiPrinter:UARTHandling|TextGenerator:AsciiGenerator|lpm_divide:Mod0" CBX_FILE_NAME="lpm_divide_hbm.tdf"/>
	</PROJECT>
</LOG_ROOT>
